{"cameraMode":{"drawMode":0,"name":"Shaded","section":"Shading Mode"},"sceneLighting":true,"audioPlay":false,"sceneViewState":{"m_AlwaysRefresh":false,"showFog":true,"showSkybox":true,"showFlares":true,"showImageEffects":true,"showParticleSystems":true,"showVisualEffectGraphs":true,"m_FxEnabled":true},"in2DMode":false,"pivot":{"x":8.84735107421875,"y":0.08494871854782105,"z":3.3662495613098146},"rotation":{"x":-0.0332685150206089,"y":-0.04586130380630493,"z":0.0015281812520697713,"w":-0.998392641544342},"size":6.006598949432373,"orthographic":false}